"ID","Fname","Sname","Venue"
"700152","Omid","Mohamed Ismail","MELB"
"700551","Jeyanthi","Ghaed","MELB"
"701318","Menika","Dassanayake","MELB"
"701720","Orhan","Gupta","MELB"
"702187","Rafal","Saprid Jr","MELB"
"702765","Farid","Ordukaya","MELB"
"703140","Zabun","Al-Magableh","MELB"
"703508","David","Moe","MELB"
"703756","Gregory","Shankar","MELB"
"703890","Mark","Omar","MELB"
"703929","Helen","Fernando","MELB"
"703957","Chik","Winarta","MELB"
"703980","Farhang","Maghsoudlou","MELB"
"704792","Lindesay","McMahon","MELB"
"705387","Ryan","Kasianandan","MELB"
"705842","Nancy","Soleimani","MELB"
"705931","Jenny","Wang","MELB"
"706039","Louise","Jamil","MELB"
"706125","Chung Jian","Gupta","MELB"
"706153","Hemantha","Eisa","MELB"
"706351","Stewart","Obatayo","MELB"
"706590","Gubendran","Das","MELB"
"706894","Sudath","Khan","MELB"
"707088","Lisa","Hurn","MELB"
"707726","Muhammad","Jayakody","MELB"
"707987","Samuel","Hart-Davies","MELB"
"708101","Sareh","Haque","MELB"
"708152","Elena","Wong","MELB"
"708342","Chathura","Haywood","MELB"
"708481","MD Anwarul","Holland-Keen","MELB"
"708514","Masoud","Thevasagayam","MELB"
"708655","Aida","Deepani Karunaratne","MELB"
"709238","Iman","Miller","MELB"
"710198","Abulkalam","Omowo","MELB"
"710382","Bilal","Khan","MELB"
"711211","Irshad","Kalita","MELB"
"711694","Shiva","Itaiwi","MELB"
"712021","Jeremy","Erath","MELB"
"712161","Kyaw","Avelino","MELB"
"712302","David","Moore","MELB"
"713313","Andrew","Joshi","MELB"
"713504","Darios","Ibekwe","MELB"
"713545","Pavala","Sceales","MELB"
"714269","Harish Babu","Munamati","MELB"
"714276","Daniel","Lewinski","MELB"
"714998","Mark","Kozii","MELB"
"716128","Michael","Shoaib","MELB"
"716189","Marcelle","Podagiel","MELB"
"716237","Sadek","Nikolova-Trask","MELB"
"716943","Adeolu","Prasad","MELB"
"717886","Elsadig","Hall","MELB"
"717965","A K M","Mahajan","MELB"
"718171","Nisha","Abdollahi","MELB"
"718888","Elvira","Fealy","MELB"
"718925","Ishani","Ahmed","MELB"
"719535","Yasser","Fernando","MELB"
"719538","Richard","Karuga","MELB"
"719708","Soe","Zarroug","MELB"
"719800","Bronwyn","Charles","MELB"
"720354","Aye","Woodgate","MELB"
"720727","Nikit","Odoemene","MELB"
"720879","Michelle","Ali","MELB"
"720899","Sajid","Cooper","MELB"
"721363","Kiratikorn","Ip","MELB"
"721521","Peter","Akram","MELB"
"721704","Naim","Felmingham","MELB"
"721870","Jasmeet","Janalizadeh","MELB"
"722059","Jessica","Adil","MELB"
"722527","Sharad","Jacob","MELB"
"722615","Ping","Randhawa","MELB"
"723126","Moe","Hammer","MELB"
"723467","Sama","Waba","MELB"
"723849","Emil","Saleh","MELB"
"724013","Anthony","Ullah","MELB"
"724254","Russell","Ross","MELB"
"724341","Miriam","Dutta","MELB"
"724422","Sharon","Flynn","MELB"
"725387","Hooman","Williams","MELB"
"726352","Louisa","Thilakarathne","MELB"
"726592","Danielle","Rakheja","MELB"
"726675","Chavi","Weerasinghe","MELB"
"727364","Thien","Nanthakumar","MELB"
"727570","Punniyamoorthy","Georgia-Price","MELB"
"727628","Douglas","Thomsen","MELB"
"728884","Jeanne","Kuzhikatil","MELB"
"729140","Roman","Dasari","MELB"
"729420","Yana","Yang","MELB"
"729718","Kasey-Lea","Palliyaguruge","MELB"
"730616","Rawa","Mackerras","MELB"
"731737","Evinta","Muhunthan","MELB"
"732289","Krupali","Al-Ani","MELB"
"732336","Mario","Rajesparasingam","MELB"
"732716","Suraya","Thein","MELB"
"732781","Joshua","Torabi","MELB"
"733235","Karyn","Gayed","MELB"
"733718","Richard","Redgment","MELB"
"734185","Danson","Gabr","MELB"
"734239","Salina","Oliveira","MELB"
"735292","Sanath","Soe","MELB"
"735331","Jose Maria","Motaman","MELB"
"735996","Rajani","Han","MELB"
"736317","Kalinga","Nahar","MELB"
"736826","Siamak","Das","MELB"
"737024","Tint","Alexander","MELB"
"737271","Rubina","Khalafalla","MELB"
"737830","Ban","Zahringer","MELB"
"738456","Prashan","Lu","MELB"
"738528","Meshack","Taylor","MELB"
"738609","Hochee","Coleman","MELB"
"738997","Udhaani","Nicholl","MELB"
"739154","Hannah","Sudheshan","MELB"
"739694","Ayesha","Sarwar","MELB"
"739950","Luna","Mahapatunage","MELB"
"740240","Sophia","Kadambi","MELB"
"740475","Emma","Kaushik","MELB"
"742075","Michael","Zhang","MELB"
"742550","Liguang","Nguyen","MELB"
"743011","Edna","Shwe","MELB"
"743065","Hartman","Oraetue","MELB"
"743262","Kaylee","Oo","MELB"
"743464","Charmaine","San","MELB"
"743756","Michelle","Padala","MELB"
"743832","Stephen","Sidhu","MELB"
"744728","Dejan","Voloshyna","MELB"
"746447","Angela","Mudzi","MELB"
"746477","Brighton","Bhatti","MELB"
"746639","Anna","Hourigan","MELB"
"746698","Melinda","Kelly","MELB"
"746819","Adelaide","Njoo","MELB"
"746857","John","Albaghdady","MELB"
"747365","Heidy","Islam","MELB"
"747439","Maya","Lawson","MELB"
"747842","Claire","Sud","MELB"
"748374","Penelope","Animashaun","MELB"
"748570","Richard","Bashir","MELB"
"748703","Sanmuganathan","Basham","MELB"
"748999","Denagamuwe","Tiongco","MELB"
"749170","Jessica","Coshan","MELB"
"749447","Vishal","Wang","MELB"
"749486","Nadun","McCulloch","MELB"
"749845","Eugene","Garcia","MELB"
"750045","Cassandra","Stephanson","MELB"
"750704","Allan","Ilagan","MELB"
"752001","Parham","Doan","MELB"
"752175","Yan","Thomas","MELB"
"752602","Chayadevi","Aras","MELB"
"752866","Kylie","Wickham","MELB"
"752937","Manish","Mothobi De Sousa","MELB"
"753260","Jonathan","Man","MELB"
"753393","Wei","Burgansky","MELB"
"754383","Danijel","Seneviratna","MELB"
"755007","Danielle","Htun","MELB"
"755593","Robin","Hendahewa","MELB"
"755818","Mohammadreza","Ahmad","MELB"
"756065","Shirin","Lekha","MELB"
"756469","Reka","Phua","MELB"
"756614","Jimmy","Ryan","MELB"
"756622","Natalie","Cervantes Ortega","MELB"
"757026","Bimal","Weekes","MELB"
"757099","Anantha","Nwoko","MELB"
"757363","Muhammad","Gibson","MELB"
"757508","Andrew","Chayadevi","MELB"
"758290","Rohan","Mallik","MELB"
"758326","Cheng-Chang","Rizkalla","MELB"
"758518","Wan Yi","Yang","MELB"
"758861","Stuart","Hosseinzadeh","MELB"
"759636","Onyema","Lyon","MELB"
"759665","Arunan","Ghojavand","MELB"
"760068","Zeeshan","Mendis","MELB"
"760124","Li-Chun","Sabet","MELB"
"760450","Annette","Lyne","MELB"
"760541","Homayoun","Ratnayake","MELB"
"761047","Harcharan","Jamil","MELB"
"761711","Nael","Rauf","MELB"
"762685","Arthur","Sabry Rayni","MELB"
"762716","Sharon","Renaud","MELB"
"763142","Joshua","Singh","MELB"
"763414","Joegelia","Ahmed","MELB"
"763817","Sandhya","Dike","MELB"
"764183","Amy","Campuzano Ortiz","MELB"
"764610","Aroop","Afshar","MELB"
"764697","Farhana","Ho","MELB"
"764920","Katherine","Ahmad","MELB"
"765519","Shiraj","Qazi","MELB"
"766386","Yong","Ambala Kodithuwakku","MELB"
"766395","Janaka","Lambert","MELB"
"766934","Ike","Volceva","MELB"
"767834","Ausra","Wickramasinghe","MELB"
"767889","Amuthanila","Ismail","MELB"
"768772","Michael","Ea","MELB"
"769043","Aftab","Cronin","MELB"
"769453","Inoka","Ranatunge","MELB"
"769818","Marita","Lee","MELB"
"770078","Clare","Purohit","MELB"
"770133","Manju","Wheatley","MELB"
"770187","Sabina","George","MELB"
"770220","Anita","Overvliet","MELB"
"770303","Felicity","Galea","MELB"
"771590","Atika","Aung","MELB"
"771838","Indrani","Langford-Ely","MELB"
"771989","Fahad","Mohamed Cassim","MELB"
"771996","Godfrey","Manoheran","MELB"
"772031","Jae","Islam","MELB"
"772117","Kyaw","Caiga","MELB"
"772237","Sarah","Iqbal","MELB"
"772870","Glen","Segers","MELB"
"773269","Sumita","Mustafa-Moreno","MELB"
"773613","Karen","Tan","MELB"
"773715","Samuel","Das","MELB"
"773968","Thilini","Karnaukhova","MELB"
"774131","Nnamdi","Atkinson","MELB"
"774169","Ana","Muzammel","MELB"
"774835","Chenelle","Shields","MELB"
"775047","Uzma","Kutti","MELB"
"776546","Amin","Ismail","MELB"
"776789","Hima","Baker","MELB"
"777089","Muhammad","Moond","MELB"
"777188","Arash","Punyatrong","MELB"
"777479","Maria","Rasheed","MELB"
"777810","Nathan","Zolfaghari","MELB"
"777912","MD Shahadot","Nagla","MELB"
"778384","Shahanara","Ogonowski","MELB"
"778617","Jarrod","Rahman","MELB"
"778808","Qaisar","Seligmann","MELB"
"778841","Robert","Singla","MELB"
"779190","Jay","Kurien","MELB"
"779607","Natasha","Buxton","MELB"
"779773","Rosemary","Abdi","MELB"
"780069","Kang","Cronk","MELB"
"780233","Ekeuda Uchenna","Han","MELB"
"780539","Scott","Roberts","MELB"
"780979","Aidan","Sepetavc","MELB"
"781081","Salman","Amir","MELB"
"781133","Olga","Kamel","MELB"
"781365","Thalagala","Jadhav","MELB"
"781466","You","Faris","MELB"
"781708","Jesse","Akhter","MELB"
"782085","Jithari","Lyon","MELB"
"783149","Kuan","Darko","MELB"
"799618","Sujab","Akhiwu","MELB"
